<?xml version="1.0" encoding="UTF-8"?>
<root>
  <item name="com.androidadvance.topsnackbar.TSnackbar com.androidadvance.topsnackbar.TSnackbar make(android.view.View, int, int) 2">
    <annotation name="android.support.annotation.IntDef">
      <val name="value" val="{com.androidadvance.topsnackbar.TSnackbar.LENGTH_INDEFINITE, com.androidadvance.topsnackbar.TSnackbar.LENGTH_SHORT, com.androidadvance.topsnackbar.TSnackbar.LENGTH_LONG}" />
    </annotation>
  </item>
  <item name="com.androidadvance.topsnackbar.TSnackbar com.androidadvance.topsnackbar.TSnackbar make(android.view.View, java.lang.CharSequence, int) 2">
    <annotation name="android.support.annotation.IntDef">
      <val name="value" val="{com.androidadvance.topsnackbar.TSnackbar.LENGTH_INDEFINITE, com.androidadvance.topsnackbar.TSnackbar.LENGTH_SHORT, com.androidadvance.topsnackbar.TSnackbar.LENGTH_LONG}" />
    </annotation>
  </item>
  <item name="com.androidadvance.topsnackbar.TSnackbar com.androidadvance.topsnackbar.TSnackbar setDuration(int) 0">
    <annotation name="android.support.annotation.IntDef">
      <val name="value" val="{com.androidadvance.topsnackbar.TSnackbar.LENGTH_INDEFINITE, com.androidadvance.topsnackbar.TSnackbar.LENGTH_SHORT, com.androidadvance.topsnackbar.TSnackbar.LENGTH_LONG}" />
    </annotation>
  </item>
  <item name="com.androidadvance.topsnackbar.TSnackbar int getDuration()">
    <annotation name="android.support.annotation.IntDef">
      <val name="value" val="{com.androidadvance.topsnackbar.TSnackbar.LENGTH_INDEFINITE, com.androidadvance.topsnackbar.TSnackbar.LENGTH_SHORT, com.androidadvance.topsnackbar.TSnackbar.LENGTH_LONG}" />
    </annotation>
  </item>
  <item name="com.androidadvance.topsnackbar.TSnackbar void dispatchDismiss(int) 0">
    <annotation name="android.support.annotation.IntDef">
      <val name="value" val="{com.androidadvance.topsnackbar.TSnackbar.Callback.DISMISS_EVENT_SWIPE, com.androidadvance.topsnackbar.TSnackbar.Callback.DISMISS_EVENT_ACTION, com.androidadvance.topsnackbar.TSnackbar.Callback.DISMISS_EVENT_TIMEOUT, com.androidadvance.topsnackbar.TSnackbar.Callback.DISMISS_EVENT_MANUAL, com.androidadvance.topsnackbar.TSnackbar.Callback.DISMISS_EVENT_CONSECUTIVE}" />
    </annotation>
  </item>
  <item name="com.androidadvance.topsnackbar.TSnackbar.Callback void onDismissed(com.androidadvance.topsnackbar.TSnackbar, int) 1">
    <annotation name="android.support.annotation.IntDef">
      <val name="value" val="{com.androidadvance.topsnackbar.TSnackbar.Callback.DISMISS_EVENT_SWIPE, com.androidadvance.topsnackbar.TSnackbar.Callback.DISMISS_EVENT_ACTION, com.androidadvance.topsnackbar.TSnackbar.Callback.DISMISS_EVENT_TIMEOUT, com.androidadvance.topsnackbar.TSnackbar.Callback.DISMISS_EVENT_MANUAL, com.androidadvance.topsnackbar.TSnackbar.Callback.DISMISS_EVENT_CONSECUTIVE}" />
    </annotation>
  </item>
</root>

